<?xml version="1.0" encoding="UTF-8"?>
<beans xmlns="http://www.springframework.org/schema/beans"
	xmlns:context="http://www.springframework.org/schema/context"
	xmlns:xsi="http://www.w3.org/2001/XMLSchema-instance"
	xsi:schemaLocation=" http://www.springframework.org/schema/beans 
	http://www.springframework.org/schema/beans/spring-beans.xsd
	http://www.springframework.org/schema/context http://www.springframework.org/schema/context/spring-context.xsd">

<bean id="mob" class="com.isahil.springcore.bean.Mobile" lazy-init="false" scope="singleton"  >
	<property name="price"  value="10000"></property>
	<property name="brand"  value="Apple"></property>
	<property name="color"  value="Gold"></property>
	<property name="weight" value="156"></property>
	<property name="dimensions" value="26"></property>
</bean>	


</beans>