<?xml version="1.0" encoding="UTF-8"?>
<beans xmlns="http://www.springframework.org/schema/beans"
	xmlns:context="http://www.springframework.org/schema/context"
	xmlns:xsi="http://www.w3.org/2001/XMLSchema-instance"
	xsi:schemaLocation=" http://www.springframework.org/schema/beans 
	http://www.springframework.org/schema/beans/spring-beans.xsd
	http://www.springframework.org/schema/context http://www.springframework.org/schema/context/spring-context.xsd">

<!-- <bean id="bat1" class="com.isahil.springcore.bean.Battery" lazy-init="false" scope="singleton"  >
	<property name="capacity"  value="10000"></property>
	<property name="size"  value="34.56"></property>
	<property name="model"  value="BLC5"></property>
	
</bean>

<bean id="mob1" class="com.isahil.springcore.bean.Mobile" lazy-init="false" scope="singleton"  >
	<property name="price"  value="10000"></property>
	<property name="brand"  value="Apple"></property>
	<property name="color"  value="Gold"></property>
	<property name="weight" value="156"></property>
	<property name="battery" ref="bat1"></property>
</bean>	 -->

<bean id="mob" class="com.isahil.springcore.bean.Mobile">
	<constructor-arg name="price" value="2000"></constructor-arg>
	<constructor-arg name="dimensions" value="50"></constructor-arg>
	<constructor-arg name="color" value="Cyan"></constructor-arg>
	<constructor-arg name="weight" value="55"></constructor-arg>
	<constructor-arg name="brand" value="Xiaomi"></constructor-arg>
	<constructor-arg name="battery" ref="btry"></constructor-arg>
</bean>

	

<bean id="btry" class="com.isahil.springcore.bean.Battery">
	<constructor-arg name="capacity" value="4000"></constructor-arg>
	<constructor-arg name="size" value="4"></constructor-arg>
	<constructor-arg name="model" value="xiaomi-btry"></constructor-arg>
</bean>
 

</beans>